{
    "bch_btc": {
        "asks": [
            [
                0.11493361749999999,
                0.12743832,
                0.114647,
                "cex"
            ],
            [
                0.11493461999999999,
                0.1,
                0.114648,
                "cex"
            ],
            [
                0.1149356225,
                4.0,
                0.114649,
                "cex"
            ],
            [
                0.11540177286,
                0.14055705,
                0.11517143,
                "exmo"
            ],
            [
                0.11544253422,
                0.00300111,
                0.11521211,
                "exmo"
            ],
            [
                0.11544255426,
                0.05773397,
                0.11521213,
                "exmo"
            ]
        ],
        "bids": [
            [
                0.11395380566,
                0.00185455,
                0.11418217,
                "exmo"
            ],
            [
                0.11389567216,
                0.2693056,
                0.11412392,
                "exmo"
            ],
            [
                0.11376786750000001,
                0.01,
                0.114053,
                "cex"
            ],
            [
                0.11376687,
                4.0,
                0.114052,
                "cex"
            ],
            [
                0.1137658725,
                0.4,
                0.114051,
                "cex"
            ],
            [
                0.11359313843999999,
                0.19522126,
                0.11382078,
                "exmo"
            ]
        ]
    },
    "bch_usd": {
        "asks": [
            [
                700.71714,
                0.375,
                698.9,
                "kraken"
            ],
            [
                701.41896,
                0.08,
                699.6,
                "kraken"
            ],
            [
                701.51922,
                0.565,
                699.7,
                "kraken"
            ],
            [
                703.99842229164,
                0.03648861,
                702.59323582,
                "exmo"
            ],
            [
                705.8728571986801,
                2.91,
                704.46392934,
                "exmo"
            ],
            [
                705.8728572087,
                1.069,
                704.46392935,
                "exmo"
            ],
            [
                706.50185,
                4.0,
                704.74,
                "cex"
            ],
            [
                706.5118749999999,
                0.30848692,
                704.75,
                "cex"
            ],
            [
                706.8126249999999,
                1.7032,
                705.05,
                "cex"
            ]
        ],
        "bids": [
            [
                698.9682,
                4.0,
                700.72,
                "cex"
            ],
            [
                698.9582250000001,
                1.42481089,
                700.71,
                "cex"
            ],
            [
                698.94825,
                2.283186,
                700.7,
                "cex"
            ],
            [
                695.4870199999999,
                1.99,
                697.3,
                "kraken"
            ],
            [
                695.1877999999999,
                0.139,
                697.0,
                "kraken"
            ],
            [
                695.0880599999999,
                2.39,
                696.9,
                "kraken"
            ],
            [
                694.9607747865,
                0.8348454,
                696.35348175,
                "exmo"
            ],
            [
                694.9573,
                19.0,
                696.35,
                "exmo"
            ],
            [
                694.92317454768,
                0.33,
                696.31580616,
                "exmo"
            ]
        ]
    }
}